position_id,cusip,par_value,market_value,book_value,accrued_interest,rating,as_of_date
P0059,8N4HFG331,2865000.0,3038801.37,2814547.71,48506.04,A+,2026-09-30
P0039,5XTHGB517,20225000.0,20481830.14,19448155.46,37921.88,A-,2026-09-30
P0071,007543127,18145000.0,16245769.47,18462197.74,105908.84,A-,2026-09-30
P0084,007982226,5270000.0,5701703.12,5145930.64,84832.36,AA-,2026-09-30
P0085,2AJT3E224,7210000.0,6323619.62,7022719.5,43935.94,BBB+,2026-09-30
P0195,5MLZRA048,21265000.0,18133381.71,21467420.16,492048.47,A+,2026-09-30
P0185,008349805,20860000.0,19642720.25,20904730.54,414302.78,A,2026-09-30
P0011,006639033,16160000.0,17010499.65,16502116.61,499388.89,BB+,2026-09-30
P0133,5524NG137,21415000.0,20174772.57,21494605.23,191396.56,BBB-,2026-09-30
P0066,6JYNEH194,24310000.0,25887298.39,24184201.47,42542.5,AAA,2026-09-30
P0069,70VRRD839,6440000.0,5959255.03,6138008.82,4248.61,AAA,2026-09-30
P0018,006992200,23310000.0,25360865.02,22172592.89,594728.75,BBB+,2026-09-30
P0138,8XQDSC248,16045000.0,15779878.97,16481200.24,130922.74,AA,2026-09-30
P0119,633DFH210,7270000.0,6517508.51,7141514.3,27388.72,AA,2026-09-30
P0151,008175812,22530000.0,23114527.86,21863922.06,258469.17,BBB,2026-09-30
P0040,9S7NQC785,23875000.0,25576648.77,23849370.64,470039.06,A,2026-09-30
P0179,5RL44G196,18640000.0,18398953.66,18502519.19,428720.0,BBB+,2026-09-30
P0154,87DHNH897,19340000.0,21138959.31,19742628.8,39888.75,AA+,2026-09-30
P0098,023738792,24865000.0,25214537.55,23706737.11,809234.88,BB,2026-09-30
P0030,055683833,23625000.0,25158032.94,23337248.74,527625.0,A+,2026-09-30
P0001,6EEV2F204,10185000.0,10701257.92,10585323.96,484317.97,B+,2026-09-30
P0003,2RPC2H486,15255000.0,15062381.27,14721135.38,230202.19,A-,2026-09-30
P0127,007031115,18700000.0,16783461.38,19444961.97,286733.33,BBB-,2026-09-30
P0187,6XJ3GA403,17710000.0,16164151.18,17470998.67,374861.67,AA-,2026-09-30
P0100,4KHQRC838,19485000.0,20736231.18,18701475.57,517840.94,A-,2026-09-30
P0126,68BR6E570,23315000.0,21887917.34,23204137.72,28172.29,A-,2026-09-30
P0198,099517484,5545000.0,5540072.02,5707064.18,209478.56,BB-,2026-09-30
P0041,79547311,7785000.0,6914423.17,7930995.17,214520.0,AA-,2026-09-30
P0070,3PJ1RD680,5475000.0,5190077.87,5310850.43,102656.25,A-,2026-09-30
P0020,1RUW7H151,19315000.0,21105066.69,19412199.85,141643.33,BBB,2026-09-30
P0012,3S8QSD722,19640000.0,17198736.69,19590944.08,327333.33,BBB+,2026-09-30
P0047,84SUPG840,10920000.0,9959843.3,10872549.68,11375.0,BBB+,2026-09-30
P0043,007478423,11915000.0,11441609.39,11812952.52,218441.8,BBB+,2026-09-30
P0097,21FF8B005,23250000.0,24238652.3,22304354.85,102041.67,BBB-,2026-09-30
P0174,1BR5CB115,9870000.0,8809762.35,9444739.37,5654.69,A-,2026-09-30
P0002,56XSMD854,2720000.0,2319491.33,2632580.34,50320.0,BBB,2026-09-30
P0060,99062127,11860000.0,11503602.56,12426962.25,181317.99,AA,2026-09-30
P0196,5FL6EB106,9620000.0,10560943.33,9386827.96,175297.78,BBB+,2026-09-30
P0156,074244690,15655000.0,13461435.56,16012688.36,186555.42,A-,2026-09-30
P0173,006055396,20980000.0,20810825.67,20076055.6,115608.54,BBB+,2026-09-30
P0121,2HJ8HC679,12785000.0,11366796.14,12278907.68,306307.29,BBB-,2026-09-30
P0143,2J8Y2H782,20215000.0,17651664.49,20340351.55,345409.77,AA+,2026-09-30
P0160,8RSWED612,12320000.0,11471902.49,12346751.91,185783.89,A,2026-09-30
P0087,006017511,9455000.0,8492816.03,9340236.0,34602.67,A,2026-09-30
P0166,031047384,19340000.0,16596584.46,18502535.48,181916.88,A+,2026-09-30
P0188,248Z5H698,8330000.0,7392753.13,8639962.88,16544.31,AA+,2026-09-30
P0177,010954923,17980000.0,15682734.7,17123714.2,249847.08,BBB,2026-09-30
P0013,3J6FVA746,15900000.0,14491125.0,15172657.39,96890.63,A-,2026-09-30
P0058,40N7RE411,14130000.0,15499364.61,13446433.63,209889.38,AA,2026-09-30
P0081,002352946,17445000.0,16317783.75,16856853.25,408685.47,AA-,2026-09-30
P0023,2Y4AHH672,16315000.0,14494163.52,16706184.8,175896.09,BBB+,2026-09-30
P0134,008809600,8685000.0,8026825.7,8303407.8,28950.0,AA+,2026-09-30
P0110,99ZFJG618,20775000.0,21734400.0,21746424.51,44796.09,BB,2026-09-30
P0107,002954261,9985000.0,8866185.08,9837152.05,279441.32,AA-,2026-09-30
P0164,031758717,10230000.0,9430712.24,9897051.49,107841.25,BBB,2026-09-30
P0010,007647191,18075000.0,18273867.48,18274555.43,275329.95,AA-,2026-09-30
P0016,5EX5KE485,10935000.0,11825345.93,10608424.39,182060.16,AAA,2026-09-30
P0155,2CX8JF675,15080000.0,13977759.39,14777080.72,93464.58,BBB-,2026-09-30
P0080,014810154,20370000.0,20932004.19,20805075.92,205963.33,A+,2026-09-30
P0124,013520507,21945000.0,19134719.91,21097965.12,431585.0,AA-,2026-09-30
P0075,3AJZRB567,2335000.0,2109574.47,2428421.31,34457.47,AA+,2026-09-30
P0095,60LKXE407,3920000.0,4122270.75,3844916.17,71866.67,AA+,2026-09-30
P0105,006049456,23005000.0,21439554.15,23010778.97,153686.18,BBB+,2026-09-30
P0046,007010861,1765000.0,1787651.57,1695929.72,36807.6,BBB+,2026-09-30
P0099,025408873,17050000.0,17899187.7,17224609.48,106799.31,AA+,2026-09-30
P0190,4HXQED730,15450000.0,16406611.73,15044492.61,186472.92,A+,2026-09-30
P0147,075914283,11710000.0,12419787.02,12142161.98,76765.56,B+,2026-09-30
P0118,068285139,13295000.0,11695203.9,13876059.88,74784.38,AA+,2026-09-30
P0056,073079048,16175000.0,13919987.1,16085936.83,63183.59,BBB+,2026-09-30
P0021,1C80XH200,19945000.0,21190511.39,20172030.46,80334.02,BBB+,2026-09-30
P0031,022659429,5795000.0,5275912.29,5863763.82,103525.26,BBB,2026-09-30
P0119,633DFH210,7270000.0,6517508.51,7141514.3,27388.72,AA,2026-09-30
P0178,657DXE820,21055000.0,18193040.24,21799568.33,164492.19,AA-,2026-09-30
P0027,9VRL9D134,4130000.0,3891480.68,3995695.36,79416.46,A,2026-09-30
P0053,273KBE574,8790000.0,8793016.65,9021918.94,279845.52,AA,2026-09-30
P0199,3RZ0ZA539,17605000.0,18892548.25,18143312.84,616908.54,BBB+,2026-09-30
P0186,005547724,11045000.0,10664576.87,10853809.23,69759.91,AA+,2026-09-30
P0191,78639663,11480000.0,9782731.53,10960243.39,36831.67,AA,2026-09-30
P0203,070958004,12985000.0,12781906.72,12968269.37,29126.08,A+,2026-09-30
P0114,5PSYKE723,15020000.0,13199523.63,15115921.33,229993.75,AA-,2026-09-30
P0120,009157223,22475000.0,22405524.01,22965096.03,162319.44,BBB+,2026-09-30
P0103,1SBH9D457,24310000.0,23247061.25,25232349.92,132354.44,AA+,2026-09-30
P0102,34UKVF351,7620000.0,7330851.65,7441092.65,115755.21,BBB-,2026-09-30
P0073,5X7GBB138,10610000.0,10919684.02,10574466.33,68633.44,BBB-,2026-09-30
P0175,2Z5END292,13405000.0,12359610.97,13704930.56,297144.17,A+,2026-09-30
P0181,9XT8SF263,1670000.0,1832445.88,1611571.64,22272.47,AAA,2026-09-30
P0112,036167633,21115000.0,18845024.12,21786937.06,64078.16,BBB,2026-09-30
P0076,192K8G571,14725000.0,13777631.4,14046147.13,173785.68,AA,2026-09-30
P0093,5SYKFA799,1800000.0,1874140.51,1861969.02,20281.25,A-,2026-09-30
P0135,83TPHB941,12255000.0,11196625.46,12115196.54,110805.62,A,2026-09-30
P0101,002871325,19050000.0,18165020.45,18178382.4,391583.33,A,2026-09-30
P0091,4DX3SH637,15390000.0,16654004.46,15396493.59,221445.0,A,2026-09-30
P0106,85UXPC508,11225000.0,10713542.1,10952650.42,101726.56,A-,2026-09-30
P0019,3M9MHH296,21955000.0,23986943.88,22846158.32,229155.31,BBB-,2026-09-30
P0197,1Z53XH149,10510000.0,9259115.28,10568073.66,239102.5,BBB+,2026-09-30
P0170,4LA75B179,5755000.0,5726855.6,5684061.15,104988.79,BB-,2026-09-30
P0149,41AXRG916,18015000.0,18567711.42,18282338.43,112218.44,AAA,2026-09-30
P0153,070577416,18075000.0,16266573.34,17699603.11,362441.41,AA+,2026-09-30
P0145,2U29QC783,1715000.0,1767921.2,1778345.55,22300.95,A,2026-09-30
P0148,64EC1B539,19110000.0,16417545.26,19217379.66,37821.88,BB+,2026-09-30
P0168,1FGGDD572,10680000.0,11710699.41,10369168.86,33263.75,BBB,2026-09-30
P0026,9EFMSG069,21375000.0,19837145.02,22378467.72,461269.53,A-,2026-09-30
P0141,90L1XF957,22885000.0,19788194.26,22722742.77,488610.64,AA,2026-09-30
P0045,006880223,11215000.0,11255335.05,11073374.74,49688.68,AA,2026-09-30
P0142,057938896,20050000.0,20542821.02,21025857.38,71358.51,A-,2026-09-30
P0048,1UF5TF010,1330000.0,1261528.93,1371270.24,19201.88,A,2026-09-30
P0005,006941868,4380000.0,4379372.36,4578478.99,67859.58,AA-,2026-09-30
P0171,001289297,8500000.0,7519483.67,8439133.75,114513.89,AA,2026-09-30
P0057,003590940,24040000.0,21315926.83,23646431.14,136894.44,AA-,2026-09-30
P0144,1HG8KF979,12000000.0,10579691.38,12301823.47,58000.0,AA+,2026-09-30
P0193,2LNKPE071,7470000.0,7746522.52,7150181.04,55687.81,A+,2026-09-30
P0009,046155792,12570000.0,10742440.8,12493547.39,343710.94,AAA,2026-09-30
P0014,004701413,15480000.0,14023294.54,15410176.53,13975.0,AA+,2026-09-30
P0006,066181801,18395000.0,17907825.0,18027600.18,73069.03,A-,2026-09-30
P0034,25EL7C359,17630000.0,15544885.27,17937106.12,18364.58,AA,2026-09-30
P0086,071678734,1945000.0,1786436.87,1854131.54,13939.17,AA+,2026-09-30
P0032,096088893,21445000.0,23196362.15,20925803.7,1025339.06,BB-,2026-09-30
P0063,5H30DH962,19930000.0,17392421.55,19777844.66,337149.17,AAA,2026-09-30
P0172,095204947,20845000.0,21312771.43,21612588.86,519098.4,BBB+,2026-09-30
P0108,041764317,13065000.0,12953262.3,12951867.87,32390.31,BBB+,2026-09-30
P0067,057948986,4090000.0,4286426.96,4044964.79,67556.01,BBB-,2026-09-30
P0083,006420525,19770000.0,19834793.3,18809423.74,385515.0,BBB+,2026-09-30
P0113,006118277,8280000.0,7583340.08,8635707.95,142600.0,AA,2026-09-30
P0129,1KRJDG378,15700000.0,13497098.98,15941356.84,48081.25,A-,2026-09-30
P0187,6XJ3GA403,17710000.0,16164151.18,17470998.67,374861.67,AA-,2026-09-30
P0146,23CSMB059,13185000.0,13280419.9,13333251.26,127455.0,AA+,2026-09-30
P0201,55HKMD463,18910000.0,17632560.38,19726806.8,158108.61,AA+,2026-09-30
P0044,003908621,4355000.0,4269942.97,4259031.62,70179.01,AA-,2026-09-30
P0157,35N5EG273,15805000.0,13453442.56,16167716.99,488418.4,AA+,2026-09-30
P0131,82C00B589,11695000.0,12717877.97,11985637.67,226834.27,A-,2026-09-30
P0042,6Z0QUH414,4400000.0,3792109.76,4306101.26,35841.67,AA-,2026-09-30
P0139,073503153,1400000.0,1395631.65,1465268.37,19133.33,BBB+,2026-09-30
P0088,008084519,7705000.0,7291179.35,7580955.46,49600.94,AA,2026-09-30
P0015,9KFBLE202,4895000.0,4376946.22,5053801.41,220853.64,BB+,2026-09-30
P0090,4JQRKC778,8870000.0,7987688.46,9097648.04,128276.22,BBB+,2026-09-30
P0182,75ZDBC669,13015000.0,13765652.94,12431602.29,127980.83,B+,2026-09-30
P0194,78UUFE076,2075000.0,2070918.9,2128135.62,9553.65,BBB-,2026-09-30
P0130,38R3UC519,2610000.0,2439707.85,2650574.9,16176.56,A,2026-09-30
P0007,51483D662,23105000.0,21716772.43,22468262.92,323470.0,A+,2026-09-30
P0152,4JYW7H475,9135000.0,8332384.21,9489464.27,144130.0,AA+,2026-09-30
P0025,5516810,5400000.0,5227832.71,5405308.4,66843.75,AA+,2026-09-30
P0074,004489977,9370000.0,8810842.67,9700407.49,117580.49,A,2026-09-30
P0189,079000154,6085000.0,5375772.6,6202963.4,86711.25,BBB+,2026-09-30
P0136,95TZBD549,9850000.0,8857512.87,9615467.93,304050.35,BB,2026-09-30
P0024,015903933,14725000.0,12792407.46,15063352.18,214739.58,BBB-,2026-09-30
P0055,3AHUDD017,13040000.0,13621982.77,13667230.27,181201.67,A,2026-09-30
P0111,2QLHQH345,14880000.0,13176626.6,14919372.61,302146.67,AA,2026-09-30
P0200,3AXE8H491,19075000.0,17392904.9,19181586.15,996470.06,BB-,2026-09-29
P0161,7CLEMG351,14445000.0,14438383.76,15020084.46,30645.47,AA,2026-09-30
P0104,9UY45C595,10425000.0,9870097.82,10835477.21,89843.23,BBB-,2026-09-30
P0169,7ZNV4H135,3935000.0,3909069.01,3934212.33,14920.21,A+,2026-09-30
P0008,8AL1BD922,12455000.0,10729868.07,12270930.66,12195.52,BBB,2026-09-30
P0028,097889182,18595000.0,15988186.15,18527913.49,14333.65,AA,2026-09-30
P0078,9712001,12870000.0,13343329.23,12394777.58,235950.0,AA-,2026-09-30
P0121,2HJ8HC679,12785000.0,11366796.14,12278907.68,306307.29,BBB-,2026-09-30
P0159,007660590,6060000.0,5887358.55,6021298.67,99990.0,BBB,2026-09-30
P0123,8XEDAB770,8545000.0,7961642.06,8905904.6,249229.17,BBB,2026-09-30
P0162,036172872,11345000.0,12465345.46,10867084.26,344683.16,AA+,2026-09-30
P0158,5H1HXD295,2035000.0,2212489.52,2087198.37,21452.29,BBB+,2026-09-30
P0004,2XRCYD394,22695000.0,20441332.33,23058088.78,210243.96,A+,2026-09-30
P0165,4T98BC116,3425000.0,3336197.24,3568591.61,1427.08,AA+,2026-09-30
P0109,1GLYHC516,12600000.0,11518673.55,13191912.19,157456.25,AA,2026-09-29
P0049,1017WD745,1140000.0,1120175.74,1150660.78,11107.08,A+,2026-09-30
P0089,9U601E123,9200000.0,8026381.94,8763188.55,72450.0,A-,2026-09-30
P0065,6ZRNWE722,24690000.0,22584162.97,24701222.2,420244.38,BBB,2026-09-30
P0140,008991515,10090000.0,9893194.84,10503485.75,243491.32,BBB-,2026-09-30
P0176,011442217,18470000.0,16006094.05,19139625.79,283463.19,BB+,2026-09-30
P0029,009511254,15235000.0,15745929.89,14801173.85,25180.07,AA+,2026-09-30
P0125,6B504A827,15030000.0,16335705.12,14751520.32,204314.06,AA-,2026-09-30
P0051,004564944,19155000.0,18299155.21,18389350.51,247219.22,A-,2026-09-30
P0167,1VMZGE482,1635000.0,1422563.35,1596206.29,46733.75,BB-,2026-09-30
P0077,89SF6B539,14550000.0,12818324.67,14169468.68,525164.06,AA-,2026-09-30
P0117,3R3GMD628,13210000.0,12082385.08,13425223.2,330983.89,AA,2026-09-30
P0064,7FEA4E504,13100000.0,14181095.58,13103161.02,74597.22,BBB,2026-09-30
P0033,008535981,3280000.0,3597596.35,3165396.24,18108.33,AAA,2026-09-30
P0180,75RM9D198,6630000.0,6954083.56,6622639.57,57137.71,AA-,2026-09-30
P0184,9UY0FB974,12465000.0,12730550.06,12169974.99,159967.5,A-,2026-09-30
P0038,007500564,9040000.0,9588574.25,8991536.1,85880.0,A-,2026-09-30
P0137,021917802,8375000.0,7931447.09,8245508.59,96457.9,A-,2026-09-30
P0122,2ZAAAD140,11625000.0,12786818.01,11573096.84,226041.67,BBB+,2026-09-30
P0079,001637081,8120000.0,8803921.79,8206504.07,82215.0,A+,2026-09-30
P0035,7XVGSC451,21585000.0,18731703.01,21531697.18,639155.83,BBB,2026-09-30
P0116,5FMTBG248,18305000.0,19293017.94,17513358.75,497412.95,BB-,2026-09-29
P0094,002993871,19575000.0,21021125.52,19446488.65,519960.94,A-,2026-09-30
P0128,6XD6VH996,10985000.0,10032896.0,11210491.74,92457.08,AA,2026-09-30
P0183,007636947,7970000.0,8540522.14,8101675.53,24352.78,A-,2026-09-30
P0132,5G2B7D546,3255000.0,3479812.46,3136671.17,64794.84,AA+,2026-09-30
P0037,005971999,13275000.0,14090414.89,13301645.46,350312.5,BBB-,2026-09-30
P0202,9F173G954,8135000.0,8301555.8,8521079.3,16778.44,BBB,2026-09-30
P0092,2ZX87C484,24780000.0,24357648.79,24320533.13,522703.12,BBB,2026-09-30
P0163,051877173,10410000.0,9318787.87,10256057.41,101678.23,AA-,2026-09-30
P0115,005478961,10200000.0,8820063.77,10299813.15,247916.67,BBB,2026-09-30
P0096,1B0YQB108,19405000.0,21002236.44,18617819.69,637535.1,BBB-,2026-09-30
P0192,6W3AZE225,4615000.0,4802197.49,4839836.49,45829.51,BBB+,2026-09-30
P0150,9QDSFH014,6190000.0,5911794.29,5996936.52,40041.56,BBB-,2026-09-30
P0054,5JMHCH581,1530000.0,1409438.9,1573996.0,41596.88,A-,2026-09-30
P0017,1WJ4AE315,15605000.0,13333930.07,16268153.94,86640.26,BBB+,2026-09-30
P0061,3VMJND670,7985000.0,7048601.67,7627049.61,11256.63,AA-,2026-09-30
P0022,169AZG390,2875000.0,2885592.03,2851210.41,17819.01,AA,2026-09-30
P0052,4DMZEB487,9275000.0,9698915.19,9685329.94,159607.29,AA-,2026-09-30
P0068,5T9XFG208,7705000.0,7571555.74,8072164.1,15891.56,BBB+,2026-09-30
P0072,7JZMAG455,17320000.0,15862848.6,17069237.29,500355.56,A+,2026-09-30
