cusip,security_name,asset_class,coupon_rate,maturity_date,rating
6EEV2F204,DL Meridian Software 10.375% 10/37,Private Credit,10.375,2037-10-15,B+
56XSMD854,Granite Water Auth 4.500% 11/33,Public Fixed Income,4.5,2033-11-02,BBB
2RPC2H486,CML 450 Park Office 5.125% 06/32,Mortgages,5.125,2032-06-14,A-
2XRCYD394,Brookline Telecom 2.875% 06/32,Public Fixed Income,2.875,2032-06-04,A+
006941868,Granite Water Auth 5.750% 06/36,Public Fixed Income,5.75,2036-06-23,AA-
066181801,CML Oakridge Retail 6.500% 09/33,Mortgages,6.5,2033-09-08,A-
51483D662,Keystone CMBS 2022-C4 A3 7.000% 07/33,Structured Products,7.0,2033-07-18,A+
8AL1BD922,Northgate Utilities 5.875% 03/27,Public Fixed Income,5.875,2027-03-24,BBB
046155792,Summit Rail 5.625% 04/36,Public Fixed Income,5.625,2036-04-05,AAA
007647191,Harlow Industrial 5.125% 06/34,Public Fixed Income,5.125,2034-06-13,AA-
006639033,DL Copperline Logistics 11.125% 06/28,Private Credit,11.125,2028-06-20,BB+
3S8QSD722,Cedar Bay Health 6.000% 06/28,Public Fixed Income,6.0,2028-06-20,BBB+
3J6FVA746,Northgate Utilities 4.875% 02/37,Public Fixed Income,4.875,2037-02-17,A-
004701413,State of Avalon GO 2.500% 03/31,Public Fixed Income,2.5,2031-03-17,AA+
9KFBLE202,DL Meridian Software 9.125% 10/33,Private Credit,9.125,2033-10-02,BB+
5EX5KE485,Cedar Bay Health 4.375% 11/30,Public Fixed Income,4.375,2030-11-13,AAA
1WJ4AE315,Atlas Card Trust 2024-1 A 5.125% 08/30,Structured Products,5.125,2030-08-21,BBB+
006992200,Riverbend CLO 2020-3 B 5.500% 10/31,Structured Products,5.5,2031-10-13,BBB+
3M9MHH296,Pioneer Foods 2.250% 04/40,Public Fixed Income,2.25,2040-04-13,BBB-
1RUW7H151,Summit Rail 5.500% 08/31,Public Fixed Income,5.5,2031-08-12,BBB
1C80XH200,CML Westfield Industrial 5.000% 09/28,Mortgages,5.0,2028-09-06,BBB+
169AZG390,Cedar Bay Health 2.625% 01/40,Public Fixed Income,2.625,2040-01-05,AA
2Y4AHH672,Northgate Utilities 5.625% 01/35,Public Fixed Income,5.625,2035-01-21,BBB+
015903933,Cedar Bay Health 5.000% 12/31,Public Fixed Income,5.0,2031-12-15,BBB-
005516810,Ironwood Chemicals 3.875% 12/27,Public Fixed Income,3.875,2027-12-05,AA+
9EFMSG069,CML Westfield Industrial 6.875% 06/28,Mortgages,6.875,2028-06-07,A-
9VRL9D134,Lakeview Power 4.875% 11/40,Public Fixed Income,4.875,2040-11-08,A
097889182,Beacon Auto ABS 2023-2 A2 4.625% 03/27,Structured Products,4.625,2027-03-24,AA
009511254,Harlow Industrial 2.125% 09/29,Public Fixed Income,2.125,2029-09-02,AA+
055683833,Northgate Utilities 6.000% 11/38,Public Fixed Income,6.0,2038-11-16,A+
022659429,Northgate Utilities 4.375% 11/27,Public Fixed Income,4.375,2027-11-03,BBB
096088893,DL Bluefin Healthcare 10.625% 10/35,Private Credit,10.625,2035-10-18,BB-
008535981,Cedar Bay Health 3.750% 08/36,Public Fixed Income,3.75,2036-08-07,AAA
25EL7C359,Cedar Bay Health 3.750% 03/32,Public Fixed Income,3.75,2032-03-20,AA
7XVGSC451,CML Marina Multifamily 6.500% 10/29,Mortgages,6.5,2029-10-16,BBB
001702562,CML 450 Park Office 4.875% 08/40,Mortgages,4.875,2040-08-18,BBB+
005971999,CML Oakridge Retail 6.250% 10/33,Mortgages,6.25,2033-10-28,BBB-
007500564,Lakeview Power 4.500% 07/27,Public Fixed Income,4.5,2027-07-14,A-
5XTHGB517,Lakeview Power 2.500% 09/40,Public Fixed Income,2.5,2040-09-03,A-
9S7NQC785,CML Westfield Industrial 5.250% 05/38,Mortgages,5.25,2038-05-15,A
079547311,Atlas Card Trust 2024-1 A 7.750% 05/37,Structured Products,7.75,2037-05-22,AA-
6Z0QUH414,CML Marina Multifamily 6.375% 02/28,Mortgages,6.375,2028-02-14,AA-
007478423,Pioneer Foods 4.000% 04/27,Public Fixed Income,4.0,2027-04-15,BBB+
003908621,CML Marina Multifamily 4.875% 12/36,Mortgages,4.875,2036-12-01,AA-
006880223,Pioneer Foods 5.500% 03/38,Public Fixed Income,5.5,2038-03-01,AA
007010861,CML 450 Park Office 5.250% 11/31,Mortgages,5.25,2031-11-07,BBB+
84SUPG840,Ironwood Chemicals 2.500% 09/27,Public Fixed Income,2.5,2027-09-15,BBB+
1UF5TF010,Brookline Telecom 5.250% 12/34,Public Fixed Income,5.25,2034-12-21,A
1017WD745,Ironwood Chemicals 2.875% 05/29,Public Fixed Income,2.875,2029-05-28,A+
3MVKFB290,Brookline Telecom 4.625% 09/34,Public Fixed Income,4.625,2034-09-08,A+
004564944,Summit Rail 2.625% 04/40,Public Fixed Income,2.625,2040-04-03,A-
4DMZEB487,Beacon Auto ABS 2023-2 A2 5.250% 12/30,Structured Products,5.25,2030-12-02,AA-
273KBE574,Atlas Card Trust 2024-1 A 6.625% 04/35,Structured Products,6.625,2035-04-07,AA
5JMHCH581,CML Marina Multifamily 7.250% 11/37,Mortgages,7.25,2037-11-15,A-
3AHUDD017,Cedar Bay Health 5.750% 01/38,Public Fixed Income,5.75,2038-01-03,A
073079048,CML 450 Park Office 5.625% 09/38,Mortgages,5.625,2038-09-05,BBB+
003590940,State of Avalon GO 5.125% 02/37,Public Fixed Income,5.125,2037-02-20,AA-
40N7RE411,Ironwood Chemicals 5.750% 12/39,Public Fixed Income,5.75,2039-12-27,AA
8N4HFG331,CML Oakridge Retail 5.750% 06/28,Mortgages,5.75,2028-06-14,A+
099062127,Northgate Utilities 4.625% 06/37,Public Fixed Income,4.625,2037-06-01,AA
3VMJND670,Granite Water Auth 3.625% 09/37,Public Fixed Income,3.625,2037-09-16,AA-
3GJSPG355,DL Copperline Logistics 9.625% 11/28,Private Credit,9.625,2028-11-11,BB
5H30DH962,Cedar Bay Health 3.500% 04/35,Public Fixed Income,3.5,2035-04-06,AAA
7FEA4E504,Pioneer Foods 5.125% 08/34,Public Fixed Income,5.125,2034-08-20,BBB
6ZRNWE722,CML Marina Multifamily 7.125% 01/40,Mortgages,7.125,2040-01-04,BBB
6JYNEH194,Summit Rail 5.250% 09/40,Public Fixed Income,5.25,2040-09-18,AAA
057948986,DL Bluefin Healthcare 8.875% 01/33,Private Credit,8.875,2033-01-23,BBB-
5T9XFG208,Brookline Telecom 2.250% 02/32,Public Fixed Income,2.25,2032-02-27,BBB+
70VRRD839,Lakeview Power 4.750% 03/27,Public Fixed Income,4.75,2027-03-25,AAA
3PJ1RD680,Beacon Auto ABS 2023-2 A2 5.000% 11/32,Structured Products,5.0,2032-11-15,A-
007543127,CML Westfield Industrial 5.125% 02/36,Mortgages,5.125,2036-02-19,A-
7JZMAG455,Atlas Card Trust 2024-1 A 8.000% 11/28,Structured Products,8.0,2028-11-20,A+
5X7GBB138,Lakeview Power 2.875% 01/34,Public Fixed Income,2.875,2034-01-09,BBB-
004489977,Cedar Bay Health 3.250% 11/31,Public Fixed Income,3.25,2031-11-11,A
3AJZRB567,Harlow Industrial 3.125% 04/36,Public Fixed Income,3.125,2036-04-10,AA+
192K8G571,Brookline Telecom 4.125% 12/40,Public Fixed Income,4.125,2040-12-17,AA
89SF6B539,Riverbend CLO 2020-3 B 7.875% 10/28,Structured Products,7.875,2028-10-15,AA-
009712001,State of Avalon GO 4.000% 04/30,Public Fixed Income,4.0,2030-04-15,AA-
001637081,Cedar Bay Health 3.375% 06/36,Public Fixed Income,3.375,2036-06-12,A+
014810154,State of Avalon GO 3.500% 06/32,Public Fixed Income,3.5,2032-06-16,A+
002352946,Riverbend CLO 2020-3 B 4.875% 04/37,Structured Products,4.875,2037-04-07,AA-
1VQ65E039,DL Stonegate Services 7.000% 12/28,Private Credit,7.0,2028-12-06,BBB-
006420525,CML Marina Multifamily 4.500% 04/35,Mortgages,4.5,2035-04-24,BBB+
007982226,Northgate Utilities 4.750% 11/39,Public Fixed Income,4.75,2039-11-28,AA-
2AJT3E224,Northgate Utilities 3.375% 01/38,Public Fixed Income,3.375,2038-01-25,BBB+
071678734,Cedar Bay Health 6.000% 02/37,Public Fixed Income,6.0,2037-02-17,AA+
006017511,Ironwood Chemicals 2.125% 07/40,Public Fixed Income,2.125,2040-07-28,A
008084519,Harlow Industrial 2.250% 06/35,Public Fixed Income,2.25,2035-06-17,AA
9U601E123,CML Marina Multifamily 5.250% 08/35,Mortgages,5.25,2035-08-06,A-
4JQRKC778,Northgate Utilities 4.375% 12/40,Public Fixed Income,4.375,2040-12-01,BBB+
4DX3SH637,Harbor CLO 2021-1 A 4.625% 12/32,Structured Products,4.625,2032-12-08,A
2ZX87C484,CML 450 Park Office 5.625% 05/37,Mortgages,5.625,2037-05-15,BBB
5SYKFA799,CML 450 Park Office 6.875% 02/34,Mortgages,6.875,2034-02-01,A-
002993871,CML Marina Multifamily 5.625% 04/35,Mortgages,5.625,2035-04-10,A-
60LKXE407,Summit Rail 3.750% 10/29,Public Fixed Income,3.75,2029-10-04,AA+
1B0YQB108,CML 450 Park Office 7.125% 04/31,Mortgages,7.125,2031-04-14,BBB-
21FF8B005,DL Stonegate Services 9.875% 09/33,Private Credit,9.875,2033-09-14,BBB-
023738792,DL Meridian Software 11.375% 12/31,Private Credit,11.375,2031-12-17,BB
025408873,Lakeview Power 2.750% 01/35,Public Fixed Income,2.75,2035-01-08,AA+
4KHQRC838,Cedar Bay Health 5.375% 10/27,Public Fixed Income,5.375,2027-10-02,A-
002871325,CML Westfield Industrial 5.000% 05/36,Mortgages,5.0,2036-05-02,A+
34UKVF351,Northgate Utilities 3.125% 04/34,Public Fixed Income,3.125,2034-04-05,BBB-
1SBH9D457,Harlow Industrial 4.000% 02/32,Public Fixed Income,4.0,2032-02-11,AA+
9UY45C595,Harlow Industrial 2.125% 05/29,Public Fixed Income,2.125,2029-05-04,BBB-
006049456,Granite Water Auth 6.500% 02/34,Public Fixed Income,6.5,2034-02-23,BBB+
85UXPC508,State of Avalon GO 5.625% 08/36,Public Fixed Income,5.625,2036-08-02,A-
002954261,Northgate Utilities 6.500% 04/30,Public Fixed Income,6.5,2030-04-25,AA-
041764317,Summit Rail 5.250% 09/39,Public Fixed Income,5.25,2039-09-13,A-
1GLYHC516,Keystone CMBS 2022-C4 A3 7.375% 01/35,Structured Products,7.375,2035-01-28,AA
99ZFJG618,DL Copperline Logistics 8.625% 09/31,Private Credit,8.625,2031-09-21,BB
2QLHQH345,Keystone CMBS 2022-C4 A3 5.375% 05/36,Structured Products,5.375,2036-05-14,AA
036167633,Pioneer Foods 2.875% 02/27,Public Fixed Income,2.875,2027-02-22,BBB
006118277,State of Avalon GO 5.000% 11/28,Public Fixed Income,5.0,2028-11-26,AA
5PSYKE723,Beacon Auto ABS 2023-2 A2 5.250% 12/37,Structured Products,5.25,2037-12-15,AA-
005478961,Summit Rail 6.250% 11/38,Public Fixed Income,6.25,2038-11-10,BBB
5FMTBG248,DL Meridian Software 10.750% 12/39,Private Credit,10.75,2039-12-28,BB-
3R3GMD628,Keystone CMBS 2022-C4 A3 5.125% 04/31,Structured Products,5.125,2031-04-13,AA
068285139,Cedar Bay Health 5.625% 02/27,Public Fixed Income,5.625,2027-02-24,AA+
633DFH210,Pioneer Foods 3.875% 08/32,Public Fixed Income,3.875,2032-08-25,AA
009157223,CML Oakridge Retail 6.500% 02/33,Mortgages,6.5,2033-02-20,BBB+
2HJ8HC679,DL Meridian Software 11.500% 01/36,Private Credit,11.5,2036-01-15,BBB-
2ZAAAD140,State of Avalon GO 5.000% 05/37,Public Fixed Income,5.0,2037-05-10,A-
8XEDAB770,Ironwood Chemicals 6.000% 04/38,Public Fixed Income,6.0,2038-04-05,BBB
013520507,Northgate Utilities 4.000% 10/38,Public Fixed Income,4.0,2038-10-03,AA-
6B504A827,Lakeview Power 5.625% 01/38,Public Fixed Income,5.625,2038-01-03,AA-
68BR6E570,Cedar Bay Health 3.625% 03/32,Public Fixed Income,3.625,2032-03-18,A-
007031115,CML 450 Park Office 5.750% 12/36,Mortgages,5.75,2036-12-24,BBB-
6XD6VH996,Pioneer Foods 3.000% 06/39,Public Fixed Income,3.0,2039-06-19,AA
1KRJDG378,Lakeview Power 2.250% 08/40,Public Fixed Income,2.25,2040-08-11,A-
38R3UC519,Lakeview Power 4.375% 02/32,Public Fixed Income,4.375,2032-02-09,A
82C00B589,Keystone CMBS 2022-C4 A3 4.750% 11/38,Structured Products,4.75,2038-11-03,A-
5G2B7D546,Keystone CMBS 2022-C4 A3 4.875% 11/29,Structured Products,4.875,2029-11-03,AA+
5524NG137,Cedar Bay Health 2.250% 05/34,Public Fixed Income,2.25,2034-05-10,BBB-
008809600,Harlow Industrial 2.500% 08/33,Public Fixed Income,2.5,2033-08-12,AA+
83TPHB941,Northgate Utilities 3.500% 06/27,Public Fixed Income,3.5,2027-06-27,A
95TZBD549,DL Bluefin Healthcare 8.750% 05/38,Private Credit,8.75,2038-05-23,BB
021917802,Granite Water Auth 3.875% 06/35,Public Fixed Income,3.875,2035-06-13,A-
8XQDSC248,Keystone CMBS 2022-C4 A3 5.875% 08/31,Structured Products,5.875,2031-08-10,AA
073503153,State of Avalon GO 3.000% 10/37,Public Fixed Income,3.0,2037-10-16,BBB+
008991515,Harlow Industrial 6.250% 11/36,Public Fixed Income,6.25,2036-11-11,BBB-
90L1XF957,Lakeview Power 5.375% 11/29,Public Fixed Income,5.375,2029-11-07,AA
057938896,Keystone CMBS 2022-C4 A3 5.125% 09/32,Structured Products,5.125,2032-09-05,A-
2J8Y2H782,Summit Rail 4.625% 11/40,Public Fixed Income,4.625,2040-11-17,AA+
1HG8KF979,Harlow Industrial 3.625% 02/35,Public Fixed Income,3.625,2035-02-12,AA+
2U29QC783,Brookline Telecom 4.375% 06/34,Public Fixed Income,4.375,2034-06-13,A
23CSMB059,Ironwood Chemicals 3.000% 06/33,Public Fixed Income,3.0,2033-06-04,AA+
075914283,DL Stonegate Services 7.375% 08/35,Private Credit,7.375,2035-08-28,B+
64EC1B539,DL Bluefin Healthcare 7.125% 03/40,Private Credit,7.125,2040-03-20,BB+
41AXRG916,Ironwood Chemicals 5.750% 02/40,Public Fixed Income,5.75,2040-02-21,AAA
9QDSFH014,Harlow Industrial 2.875% 07/40,Public Fixed Income,2.875,2040-07-09,BBB-
008175812,CML Oakridge Retail 7.375% 08/40,Mortgages,7.375,2040-08-04,BBB
4JYW7H475,Summit Rail 4.000% 05/39,Public Fixed Income,4.0,2039-05-08,AA+
070577416,Riverbend CLO 2020-3 B 4.125% 04/40,Structured Products,4.125,2040-04-05,AA+
87DHNH897,Northgate Utilities 2.250% 02/31,Public Fixed Income,2.25,2031-02-27,AA+
2CX8JF675,CML Marina Multifamily 6.375% 08/29,Mortgages,6.375,2029-08-25,BBB-
074244690,Harlow Industrial 5.500% 07/28,Public Fixed Income,5.5,2028-07-12,A-
35N5EG273,Granite Water Auth 6.250% 10/37,Public Fixed Income,6.25,2037-10-06,AA+
5H1HXD295,Northgate Utilities 4.125% 06/39,Public Fixed Income,4.125,2039-06-28,BBB+
007660590,Northgate Utilities 6.000% 06/30,Public Fixed Income,6.0,2030-06-21,BBB
8RSWED612,Atlas Card Trust 2024-1 A 5.375% 06/38,Structured Products,5.375,2038-06-19,A
7CLEMG351,Atlas Card Trust 2024-1 A 5.875% 03/34,Structured Products,5.875,2034-03-17,AA
036172872,Cedar Bay Health 6.250% 10/30,Public Fixed Income,6.25,2030-10-05,AA+
051877173,Harlow Industrial 3.625% 06/38,Public Fixed Income,3.625,2038-06-23,AA-
031758717,Harlow Industrial 5.500% 07/27,Public Fixed Income,5.5,2027-07-21,BBB
4T98BC116,State of Avalon GO 3.750% 03/37,Public Fixed Income,3.75,2037-03-26,AA+
031047384,Summit Rail 5.375% 01/32,Public Fixed Income,5.375,2032-01-27,A+
1VMZGE482,DL Meridian Software 10.500% 06/32,Private Credit,10.5,2032-06-22,BB-
1FGGDD572,CML 450 Park Office 4.875% 09/34,Mortgages,4.875,2034-09-07,BBB
7ZNV4H135,Pioneer Foods 3.250% 08/38,Public Fixed Income,3.25,2038-08-18,A+
4LA75B179,DL Meridian Software 8.875% 01/27,Private Credit,8.875,2027-01-24,BB-
001289297,Lakeview Power 5.000% 12/39,Public Fixed Income,5.0,2039-12-23,AA
095204947,Summit Rail 5.500% 10/35,Public Fixed Income,5.5,2035-10-17,BBB+
006055396,Granite Water Auth 2.875% 07/39,Public Fixed Income,2.875,2039-07-21,BBB+
1BR5CB115,Ironwood Chemicals 4.125% 09/29,Public Fixed Income,4.125,2029-09-25,A-
2Z5END292,Northgate Utilities 5.250% 10/28,Public Fixed Income,5.25,2028-10-28,A+
011442217,DL Bluefin Healthcare 10.625% 08/38,Private Credit,10.625,2038-08-08,BB+
010954923,CML 450 Park Office 5.750% 01/30,Mortgages,5.75,2030-01-03,BBB
657DXE820,Ironwood Chemicals 2.250% 11/38,Public Fixed Income,2.25,2038-11-25,AA-
5RL44G196,Keystone CMBS 2022-C4 A3 5.750% 11/27,Structured Products,5.75,2027-11-06,BBB+
75RM9D198,Granite Water Auth 4.250% 07/30,Public Fixed Income,4.25,2030-07-17,AA-
9XT8SF263,Pioneer Foods 2.875% 10/31,Public Fixed Income,2.875,2031-10-13,AAA
75ZDBC669,DL Bluefin Healthcare 7.375% 08/33,Private Credit,7.375,2033-08-12,B+
007636947,Cedar Bay Health 5.500% 03/39,Public Fixed Income,5.5,2039-03-10,A-
9UY0FB974,Beacon Auto ABS 2023-2 A2 6.000% 01/33,Structured Products,6.0,2033-01-13,A-
008349805,Atlas Card Trust 2024-1 A 5.000% 11/34,Structured Products,5.0,2034-11-07,A
005547724,State of Avalon GO 2.125% 12/31,Public Fixed Income,2.125,2031-12-13,AA+
6XJ3GA403,Northgate Utilities 6.000% 11/35,Public Fixed Income,6.0,2035-11-23,AA-
248Z5H698,Northgate Utilities 2.750% 03/31,Public Fixed Income,2.75,2031-03-04,AA+
079000154,Keystone CMBS 2022-C4 A3 7.125% 01/38,Structured Products,7.125,2038-01-18,BBB+
4HXQED730,Cedar Bay Health 2.750% 10/32,Public Fixed Income,2.75,2032-10-22,A+
078639663,State of Avalon GO 5.500% 03/38,Public Fixed Income,5.5,2038-03-09,AA
6W3AZE225,Atlas Card Trust 2024-1 A 6.500% 08/33,Structured Products,6.5,2033-08-05,BBB+
2LNKPE071,Summit Rail 2.375% 12/33,Public Fixed Income,2.375,2033-12-07,A+
78UUFE076,Pioneer Foods 4.250% 08/28,Public Fixed Income,4.25,2028-08-21,BBB-
5MLZRA048,Ironwood Chemicals 6.125% 05/34,Public Fixed Income,6.125,2034-05-14,A+
5FL6EB106,State of Avalon GO 4.000% 10/32,Public Fixed Income,4.0,2032-10-16,BBB+
1Z53XH149,Cedar Bay Health 4.875% 04/35,Public Fixed Income,4.875,2035-04-12,BBB+
099517484,DL Copperline Logistics 8.000% 04/37,Private Credit,8.0,2037-04-10,BB-
3RZ0ZA539,CML Westfield Industrial 7.250% 04/35,Mortgages,7.25,2035-04-06,A-
3AXE8H491,DL Copperline Logistics 10.625% 04/40,Private Credit,10.625,2040-04-02,BB-
55HKMD463,Lakeview Power 3.500% 07/37,Public Fixed Income,3.5,2037-07-04,AA+
9F173G954,Brookline Telecom 3.375% 03/28,Public Fixed Income,3.375,2028-03-08,BBB
070958004,Brookline Telecom 4.750% 03/38,Public Fixed Income,4.75,2038-03-13,A+
